[
  {
    "id": "7e347318-feb0-476c-9606-d8e66d32e950",
    "email": "sayakm1269@gmail.com",
    "name": "Sayak Mukhopadhyay",
    "image": "https://lh3.googleusercontent.com/a-/AOh14Gjpqbb7DodJ6D_TtWHTu8Ys_dAMwwVg370FYWty=s96-c"
  },
  {
    "id": "39fcdbc2-6fd7-4e1c-9913-bc330caa1eca",
    "email": "msayak1269@gmail.com",
    "name": "Sayak Mukhopadhyay",
    "image": "https://lh3.googleusercontent.com/a-/AOh14Ghh-FB1khms0wDm3AOu-XJdQf23mpFU9AdeNgBZgA=s96-c"
  },
  {
    "id": "945454f3-f74e-4c37-9e3b-231cfbdbffee",
    "email": "msayak1999@gmail.com",
    "name": "Sayak Mukhopadhyay",
    "image": "https://lh3.googleusercontent.com/a-/AOh14Gio_pBGU3f-T8rwr4NmTI88PVUbOy9Izc8SNvRyNw=s96-c"
  }
]